Iterations,Accuracy (%),Inference Time (ms),Parameters
4,97.93,0.0036905985325574875,331540
5,97.86,0.02491101622581482,331540
6,97.55,0.011087628081440926,331540
