Iterations,Accuracy (%),Inference Time (ms),Parameters
4,97.93,0.0035529956221580505,331540
5,97.86,0.0025909394025802612,331540
6,97.55,0.003284309059381485,331540
